frame,flexion_deg,adduction_deg,internal_rotation_deg,anterior_translation_mm,proximal_translation_mm,lateral_translation_mm
1,64.964,4.980,11.335,3.202,0.852,-1.563
2,64.842,4.996,11.386,3.219,0.862,-1.572
3,64.718,5.012,11.436,3.237,0.872,-1.580
4,64.591,5.028,11.485,3.255,0.881,-1.589
5,64.463,5.044,11.534,3.272,0.890,-1.599
6,64.333,5.059,11.582,3.289,0.899,-1.608
7,64.202,5.074,11.629,3.306,0.908,-1.618
8,64.068,5.088,11.675,3.322,0.916,-1.628
9,63.932,5.103,11.721,3.338,0.925,-1.639
10,63.795,5.117,11.766,3.354,0.933,-1.649
11,63.656,5.130,11.810,3.370,0.941,-1.661
12,63.515,5.144,11.854,3.385,0.949,-1.672
13,63.372,5.156,11.896,3.400,0.956,-1.684
14,63.228,5.169,11.938,3.415,0.964,-1.696
15,63.081,5.181,11.980,3.429,0.971,-1.708
16,62.934,5.193,12.020,3.442,0.978,-1.721
17,62.784,5.204,12.060,3.455,0.985,-1.734
18,62.633,5.215,12.099,3.468,0.992,-1.747
19,62.479,5.226,12.137,3.480,0.998,-1.761
20,62.325,5.236,12.174,3.492,1.004,-1.774
21,62.168,5.245,12.211,3.503,1.011,-1.789
22,62.010,5.254,12.247,3.513,1.016,-1.803
23,61.851,5.262,12.282,3.523,1.022,-1.818
24,61.690,5.270,12.316,3.533,1.028,-1.833
25,61.527,5.278,12.349,3.541,1.033,-1.848
26,61.363,5.285,12.382,3.549,1.038,-1.864
27,61.197,5.291,12.414,3.557,1.043,-1.880
28,61.030,5.297,12.445,3.563,1.048,-1.897
29,60.861,5.302,12.475,3.569,1.052,-1.913
30,60.690,5.306,12.504,3.575,1.057,-1.930
31,60.519,5.310,12.533,3.579,1.061,-1.947
32,60.346,5.313,12.560,3.583,1.065,-1.965
33,60.171,5.316,12.587,3.586,1.069,-1.983
34,59.995,5.318,12.613,3.588,1.072,-2.001
35,59.817,5.319,12.638,3.590,1.076,-2.019
36,59.639,5.320,12.663,3.590,1.079,-2.038
37,59.459,5.319,12.686,3.590,1.082,-2.057
38,59.277,5.319,12.709,3.589,1.085,-2.076
39,59.094,5.317,12.731,3.587,1.088,-2.096
40,58.910,5.315,12.752,3.585,1.090,-2.116
41,58.725,5.312,12.772,3.581,1.092,-2.136
42,58.539,5.308,12.792,3.576,1.095,-2.156
43,58.351,5.303,12.810,3.571,1.097,-2.177
44,58.162,5.298,12.828,3.565,1.098,-2.198
45,57.972,5.292,12.845,3.557,1.100,-2.219
46,57.781,5.285,12.861,3.549,1.101,-2.240
47,57.588,5.277,12.876,3.540,1.102,-2.262
48,57.395,5.269,12.890,3.530,1.103,-2.284
49,57.200,5.260,12.903,3.519,1.104,-2.306
50,57.004,5.249,12.916,3.507,1.105,-2.328
51,56.807,5.238,12.927,3.494,1.105,-2.351
52,56.610,5.227,12.938,3.480,1.106,-2.374
53,56.411,5.214,12.948,3.465,1.106,-2.397
54,56.211,5.200,12.957,3.449,1.106,-2.420
55,56.010,5.186,12.965,3.432,1.105,-2.444
56,55.808,5.171,12.973,3.414,1.105,-2.468
57,55.606,5.154,12.979,3.395,1.104,-2.492
58,55.402,5.137,12.985,3.375,1.104,-2.516
59,55.198,5.119,12.989,3.353,1.103,-2.540
60,54.992,5.100,12.993,3.331,1.102,-2.565
61,54.786,5.081,12.996,3.308,1.100,-2.589
62,54.579,5.060,12.998,3.284,1.099,-2.614
63,54.371,5.038,13.000,3.259,1.097,-2.639
64,54.163,5.016,13.000,3.233,1.095,-2.665
65,53.954,4.992,13.000,3.206,1.093,-2.690
66,53.743,4.968,12.998,3.178,1.091,-2.716
67,53.533,4.942,12.996,3.148,1.089,-2.741
68,53.321,4.916,12.993,3.118,1.087,-2.767
69,53.109,4.889,12.989,3.087,1.084,-2.793
70,52.896,4.860,12.984,3.055,1.081,-2.819
71,52.683,4.831,12.978,3.022,1.078,-2.846
72,52.469,4.801,12.972,2.987,1.075,-2.872
73,52.254,4.770,12.964,2.952,1.072,-2.899
74,52.039,4.738,12.956,2.916,1.068,-2.925
75,51.823,4.705,12.947,2.879,1.065,-2.952
76,51.607,4.671,12.937,2.841,1.061,-2.979
77,51.390,4.636,12.926,2.802,1.057,-3.005
78,51.173,4.600,12.914,2.762,1.053,-3.032
79,50.956,4.563,12.901,2.721,1.049,-3.059
80,50.738,4.525,12.888,2.679,1.044,-3.086
81,50.519,4.486,12.874,2.636,1.040,-3.113
82,50.300,4.447,12.858,2.592,1.035,-3.141
83,50.081,4.406,12.842,2.548,1.030,-3.168
84,49.861,4.364,12.825,2.502,1.025,-3.195
85,49.641,4.321,12.808,2.456,1.020,-3.222
86,49.421,4.278,12.789,2.409,1.015,-3.249
87,49.201,4.233,12.769,2.360,1.009,-3.277
88,48.980,4.188,12.749,2.312,1.004,-3.304
89,48.759,4.141,12.728,2.262,0.998,-3.331
90,48.538,4.094,12.706,2.211,0.992,-3.358
91,48.317,4.045,12.683,2.160,0.986,-3.385
92,48.095,3.996,12.659,2.108,0.980,-3.413
93,47.873,3.945,12.635,2.055,0.974,-3.440
94,47.652,3.894,12.610,2.001,0.967,-3.467
95,47.430,3.842,12.583,1.947,0.961,-3.494
96,47.208,3.789,12.556,1.892,0.954,-3.521
97,46.986,3.735,12.529,1.836,0.947,-3.548
98,46.763,3.680,12.500,1.780,0.940,-3.574
99,46.541,3.624,12.471,1.723,0.933,-3.601
100,46.319,3.567,12.440,1.666,0.926,-3.628
101,46.097,3.510,12.409,1.607,0.919,-3.654
102,45.875,3.451,12.377,1.548,0.911,-3.681
103,45.653,3.392,12.345,1.489,0.904,-3.707
104,45.431,3.331,12.311,1.429,0.896,-3.733
105,45.209,3.270,12.277,1.369,0.888,-3.759
106,44.988,3.208,12.242,1.308,0.880,-3.785
107,44.766,3.145,12.206,1.246,0.872,-3.811
108,44.545,3.082,12.169,1.185,0.864,-3.836
109,44.323,3.017,12.132,1.122,0.856,-3.861
110,44.102,2.952,12.093,1.060,0.847,-3.887
111,43.882,2.885,12.054,0.996,0.839,-3.912
112,43.661,2.818,12.015,0.933,0.830,-3.936
113,43.441,2.751,11.974,0.869,0.821,-3.961
114,43.221,2.682,11.933,0.805,0.813,-3.985
115,43.001,2.613,11.891,0.741,0.804,-4.009
116,42.782,2.542,11.848,0.676,0.795,-4.033
117,42.563,2.471,11.804,0.611,0.785,-4.057
118,42.344,2.400,11.760,0.546,0.776,-4.081
119,42.126,2.327,11.715,0.481,0.767,-4.104
120,41.908,2.254,11.669,0.415,0.757,-4.127
121,41.690,2.181,11.622,0.349,0.748,-4.149
122,41.473,2.106,11.575,0.284,0.738,-4.172
123,41.257,2.031,11.527,0.218,0.728,-4.194
124,41.041,1.955,11.478,0.152,0.719,-4.216
125,40.825,1.879,11.429,0.086,0.709,-4.237
126,40.610,1.801,11.379,0.020,0.699,-4.258
127,40.396,1.724,11.328,-0.046,0.689,-4.279
128,40.182,1.645,11.276,-0.112,0.678,-4.300
129,39.968,1.566,11.224,-0.178,0.668,-4.320
130,39.755,1.487,11.171,-0.244,0.658,-4.340
131,39.543,1.407,11.118,-0.310,0.647,-4.360
132,39.331,1.326,11.063,-0.376,0.637,-4.379
133,39.120,1.245,11.008,-0.441,0.626,-4.398
134,38.910,1.163,10.953,-0.506,0.616,-4.416
135,38.700,1.081,10.896,-0.572,0.605,-4.434
136,38.491,0.998,10.840,-0.637,0.594,-4.452
137,38.283,0.914,10.782,-0.701,0.583,-4.469
138,38.076,0.831,10.724,-0.766,0.572,-4.486
139,37.869,0.747,10.665,-0.830,0.561,-4.503
140,37.663,0.662,10.605,-0.893,0.550,-4.519
141,37.457,0.577,10.545,-0.957,0.539,-4.535
142,37.253,0.491,10.485,-1.020,0.528,-4.550
143,37.049,0.406,10.423,-1.082,0.517,-4.565
144,36.846,0.319,10.361,-1.145,0.505,-4.580
145,36.644,0.233,10.299,-1.206,0.494,-4.594
146,36.443,0.146,10.236,-1.268,0.483,-4.607
147,36.243,0.059,10.172,-1.329,0.471,-4.620
148,36.043,-0.029,10.107,-1.389,0.460,-4.633
149,35.844,-0.117,10.043,-1.449,0.448,-4.645
150,35.647,-0.205,9.977,-1.508,0.436,-4.657
151,35.450,-0.293,9.911,-1.567,0.425,-4.669
152,35.254,-0.381,9.845,-1.625,0.413,-4.679
153,35.059,-0.470,9.777,-1.683,0.401,-4.690
154,34.865,-0.559,9.710,-1.739,0.389,-4.700
155,34.672,-0.648,9.642,-1.796,0.377,-4.709
156,34.480,-0.738,9.573,-1.851,0.366,-4.718
157,34.289,-0.827,9.504,-1.906,0.354,-4.726
158,34.099,-0.917,9.434,-1.960,0.342,-4.734
159,33.910,-1.006,9.364,-2.014,0.330,-4.742
160,33.722,-1.096,9.293,-2.066,0.318,-4.749
161,33.535,-1.186,9.222,-2.118,0.305,-4.755
162,33.350,-1.276,9.150,-2.170,0.293,-4.761
163,33.165,-1.365,9.078,-2.220,0.281,-4.766
164,32.981,-1.455,9.005,-2.270,0.269,-4.771
165,32.799,-1.545,8.932,-2.318,0.257,-4.775
166,32.617,-1.635,8.858,-2.366,0.245,-4.779
167,32.437,-1.725,8.784,-2.414,0.232,-4.782
168,32.258,-1.815,8.709,-2.460,0.220,-4.785
169,32.080,-1.904,8.634,-2.505,0.208,-4.787
170,31.903,-1.994,8.559,-2.550,0.195,-4.789
171,31.727,-2.083,8.483,-2.593,0.183,-4.790
172,31.552,-2.173,8.407,-2.636,0.171,-4.790
173,31.379,-2.262,8.330,-2.678,0.158,-4.790
174,31.207,-2.351,8.253,-2.719,0.146,-4.790
175,31.036,-2.440,8.176,-2.758,0.134,-4.789
176,30.866,-2.528,8.098,-2.797,0.121,-4.787
177,30.697,-2.617,8.020,-2.835,0.109,-4.785
178,30.530,-2.705,7.941,-2.872,0.097,-4.782
179,30.364,-2.793,7.862,-2.908,0.084,-4.778
180,30.199,-2.880,7.783,-2.943,0.072,-4.774
181,30.035,-2.968,7.704,-2.978,0.059,-4.770
182,29.873,-3.055,7.624,-3.011,0.047,-4.765
183,29.712,-3.141,7.543,-3.043,0.034,-4.759
184,29.552,-3.228,7.463,-3.074,0.022,-4.753
185,29.393,-3.314,7.382,-3.104,0.010,-4.746
186,29.236,-3.399,7.301,-3.133,-0.003,-4.739
187,29.080,-3.484,7.219,-3.161,-0.015,-4.731
188,28.926,-3.569,7.137,-3.188,-0.028,-4.722
189,28.772,-3.653,7.055,-3.214,-0.040,-4.713
190,28.620,-3.737,6.973,-3.239,-0.052,-4.704
191,28.469,-3.820,6.890,-3.263,-0.065,-4.694
192,28.320,-3.903,6.807,-3.286,-0.077,-4.683
193,28.172,-3.986,6.724,-3.308,-0.089,-4.672
194,28.025,-4.067,6.640,-3.329,-0.102,-4.660
195,27.880,-4.149,6.557,-3.349,-0.114,-4.647
196,27.736,-4.229,6.473,-3.368,-0.126,-4.634
197,27.593,-4.310,6.389,-3.386,-0.139,-4.621
198,27.452,-4.389,6.304,-3.403,-0.151,-4.607
199,27.312,-4.468,6.220,-3.419,-0.163,-4.592
200,27.173,-4.546,6.135,-3.433,-0.175,-4.577
201,27.036,-4.624,6.050,-3.447,-0.187,-4.561
202,26.900,-4.701,5.965,-3.460,-0.200,-4.545
203,26.766,-4.778,5.880,-3.472,-0.212,-4.528
204,26.633,-4.853,5.794,-3.483,-0.224,-4.510
205,26.501,-4.928,5.708,-3.493,-0.236,-4.492
206,26.370,-5.003,5.623,-3.502,-0.248,-4.474
207,26.241,-5.076,5.537,-3.511,-0.260,-4.455
208,26.114,-5.149,5.451,-3.518,-0.272,-4.435
209,25.988,-5.221,5.364,-3.524,-0.284,-4.415
210,25.863,-5.293,5.278,-3.530,-0.296,-4.395
211,25.739,-5.363,5.192,-3.534,-0.308,-4.373
212,25.617,-5.433,5.105,-3.538,-0.319,-4.352
213,25.497,-5.502,5.018,-3.540,-0.331,-4.330
214,25.378,-5.570,4.932,-3.542,-0.343,-4.307
215,25.260,-5.637,4.845,-3.543,-0.355,-4.284
216,25.143,-5.704,4.758,-3.543,-0.366,-4.260
217,25.028,-5.769,4.671,-3.543,-0.378,-4.236
218,24.915,-5.834,4.584,-3.541,-0.390,-4.211
219,24.802,-5.898,4.497,-3.539,-0.401,-4.186
220,24.691,-5.961,4.410,-3.536,-0.413,-4.160
221,24.582,-6.023,4.323,-3.532,-0.424,-4.134
222,24.474,-6.084,4.235,-3.528,-0.436,-4.108
223,24.367,-6.145,4.148,-3.522,-0.447,-4.081
224,24.262,-6.204,4.061,-3.516,-0.458,-4.053
225,24.158,-6.262,3.974,-3.510,-0.470,-4.025
226,24.056,-6.320,3.886,-3.502,-0.481,-3.996
227,23.954,-6.376,3.799,-3.494,-0.492,-3.968
228,23.855,-6.432,3.712,-3.486,-0.503,-3.938
229,23.756,-6.486,3.625,-3.476,-0.514,-3.908
230,23.659,-6.540,3.537,-3.467,-0.525,-3.878
231,23.564,-6.592,3.450,-3.456,-0.536,-3.848
232,23.469,-6.644,3.363,-3.445,-0.547,-3.817
233,23.377,-6.695,3.276,-3.434,-0.558,-3.785
234,23.285,-6.744,3.189,-3.422,-0.569,-3.753
235,23.195,-6.793,3.102,-3.409,-0.580,-3.721
236,23.106,-6.840,3.015,-3.396,-0.590,-3.688
237,23.019,-6.887,2.929,-3.382,-0.601,-3.655
238,22.933,-6.932,2.842,-3.369,-0.612,-3.622
239,22.848,-6.977,2.755,-3.354,-0.622,-3.588
240,22.765,-7.020,2.669,-3.339,-0.633,-3.554
241,22.683,-7.062,2.582,-3.324,-0.643,-3.520
242,22.602,-7.104,2.496,-3.309,-0.653,-3.485
243,22.523,-7.144,2.410,-3.293,-0.664,-3.450
244,22.445,-7.183,2.324,-3.277,-0.674,-3.414
245,22.368,-7.221,2.238,-3.261,-0.684,-3.378
246,22.292,-7.258,2.152,-3.244,-0.694,-3.342
247,22.218,-7.294,2.067,-3.227,-0.704,-3.306
248,22.145,-7.329,1.981,-3.210,-0.714,-3.269
249,22.074,-7.363,1.896,-3.193,-0.724,-3.232
250,22.004,-7.395,1.811,-3.175,-0.734,-3.194
251,21.935,-7.427,1.726,-3.158,-0.744,-3.157
252,21.867,-7.457,1.641,-3.140,-0.753,-3.119
253,21.801,-7.487,1.557,-3.122,-0.763,-3.081
254,21.736,-7.515,1.472,-3.104,-0.773,-3.042
255,21.672,-7.542,1.388,-3.087,-0.782,-3.004
256,21.609,-7.568,1.304,-3.069,-0.792,-2.965
257,21.548,-7.594,1.221,-3.051,-0.801,-2.926
258,21.487,-7.618,1.137,-3.033,-0.810,-2.886
259,21.428,-7.640,1.054,-3.015,-0.819,-2.847
260,21.371,-7.662,0.971,-2.997,-0.829,-2.807
261,21.314,-7.683,0.888,-2.979,-0.838,-2.767
262,21.259,-7.703,0.805,-2.962,-0.847,-2.727
263,21.205,-7.721,0.723,-2.944,-0.856,-2.687
264,21.152,-7.739,0.641,-2.927,-0.865,-2.646
265,21.100,-7.755,0.559,-2.910,-0.874,-2.606
266,21.049,-7.771,0.478,-2.893,-0.882,-2.565
267,21.000,-7.785,0.396,-2.876,-0.891,-2.524
268,20.951,-7.798,0.315,-2.860,-0.900,-2.483
269,20.904,-7.810,0.235,-2.843,-0.908,-2.442
270,20.858,-7.821,0.154,-2.827,-0.917,-2.400
271,20.813,-7.831,0.074,-2.812,-0.925,-2.359
272,20.769,-7.840,-0.006,-2.796,-0.934,-2.317
273,20.727,-7.848,-0.085,-2.781,-0.942,-2.276
274,20.685,-7.855,-0.164,-2.767,-0.950,-2.234
275,20.644,-7.861,-0.243,-2.753,-0.958,-2.192
276,20.605,-7.866,-0.322,-2.739,-0.966,-2.151
277,20.566,-7.870,-0.400,-2.725,-0.974,-2.109
278,20.529,-7.873,-0.478,-2.712,-0.982,-2.067
279,20.493,-7.875,-0.555,-2.700,-0.990,-2.025
280,20.457,-7.876,-0.632,-2.688,-0.998,-1.983
281,20.423,-7.876,-0.709,-2.676,-1.006,-1.941
282,20.390,-7.875,-0.786,-2.665,-1.013,-1.899
283,20.357,-7.873,-0.862,-2.655,-1.021,-1.857
284,20.326,-7.870,-0.937,-2.645,-1.028,-1.815
285,20.296,-7.866,-1.013,-2.635,-1.036,-1.773
286,20.266,-7.861,-1.088,-2.626,-1.043,-1.731
287,20.238,-7.855,-1.162,-2.618,-1.051,-1.689
288,20.210,-7.848,-1.237,-2.610,-1.058,-1.647
289,20.184,-7.841,-1.311,-2.603,-1.065,-1.605
290,20.158,-7.832,-1.384,-2.597,-1.072,-1.564
291,20.133,-7.823,-1.457,-2.591,-1.079,-1.522
292,20.109,-7.812,-1.530,-2.586,-1.086,-1.480
293,20.086,-7.801,-1.602,-2.581,-1.093,-1.439
294,20.064,-7.789,-1.674,-2.578,-1.100,-1.397
295,20.043,-7.776,-1.745,-2.574,-1.107,-1.356
296,20.022,-7.762,-1.816,-2.572,-1.114,-1.315
297,20.002,-7.748,-1.887,-2.570,-1.120,-1.273
298,19.984,-7.732,-1.957,-2.569,-1.127,-1.232
299,19.966,-7.716,-2.027,-2.569,-1.133,-1.191
300,19.948,-7.699,-2.096,-2.569,-1.140,-1.151
301,19.932,-7.681,-2.165,-2.571,-1.146,-1.110
302,19.916,-7.663,-2.234,-2.573,-1.153,-1.070
303,19.901,-7.643,-2.302,-2.575,-1.159,-1.029
304,19.887,-7.623,-2.369,-2.579,-1.165,-0.989
305,19.873,-7.603,-2.436,-2.583,-1.171,-0.949
306,19.861,-7.581,-2.503,-2.588,-1.177,-0.910
307,19.849,-7.559,-2.569,-2.594,-1.183,-0.870
308,19.837,-7.536,-2.635,-2.600,-1.189,-0.831
309,19.827,-7.513,-2.701,-2.608,-1.195,-0.792
310,19.817,-7.488,-2.765,-2.616,-1.201,-0.753
311,19.807,-7.464,-2.830,-2.625,-1.207,-0.714
312,19.798,-7.438,-2.894,-2.634,-1.213,-0.675
313,19.790,-7.412,-2.957,-2.645,-1.219,-0.637
314,19.783,-7.385,-3.020,-2.656,-1.224,-0.599
315,19.776,-7.358,-3.083,-2.668,-1.230,-0.561
316,19.770,-7.330,-3.145,-2.681,-1.235,-0.524
317,19.764,-7.302,-3.206,-2.694,-1.241,-0.487
318,19.759,-7.273,-3.267,-2.709,-1.246,-0.450
319,19.754,-7.244,-3.328,-2.724,-1.252,-0.413
320,19.750,-7.214,-3.388,-2.740,-1.257,-0.377
321,19.746,-7.183,-3.448,-2.756,-1.262,-0.340
322,19.743,-7.152,-3.507,-2.774,-1.267,-0.305
323,19.740,-7.121,-3.565,-2.792,-1.272,-0.269
324,19.738,-7.089,-3.623,-2.811,-1.278,-0.234
325,19.737,-7.057,-3.681,-2.831,-1.283,-0.199
326,19.735,-7.024,-3.738,-2.851,-1.288,-0.164
327,19.735,-6.991,-3.795,-2.872,-1.293,-0.130
328,19.734,-6.958,-3.851,-2.894,-1.298,-0.096
329,19.734,-6.924,-3.907,-2.917,-1.302,-0.062
330,19.735,-6.890,-3.962,-2.940,-1.307,-0.029
331,19.736,-6.855,-4.016,-2.964,-1.312,0.004
332,19.737,-6.821,-4.070,-2.989,-1.317,0.037
333,19.738,-6.786,-4.124,-3.014,-1.322,0.069
334,19.740,-6.750,-4.177,-3.040,-1.326,0.101
335,19.743,-6.714,-4.230,-3.067,-1.331,0.133
336,19.745,-6.679,-4.282,-3.094,-1.335,0.164
337,19.748,-6.642,-4.333,-3.122,-1.340,0.195
338,19.751,-6.606,-4.384,-3.151,-1.344,0.225
339,19.755,-6.570,-4.435,-3.180,-1.349,0.255
340,19.759,-6.533,-4.485,-3.210,-1.353,0.285
341,19.763,-6.496,-4.534,-3.240,-1.358,0.315
342,19.767,-6.459,-4.583,-3.271,-1.362,0.344
343,19.771,-6.422,-4.632,-3.302,-1.366,0.372
344,19.776,-6.384,-4.680,-3.334,-1.371,0.400
345,19.781,-6.347,-4.727,-3.367,-1.375,0.428
346,19.786,-6.309,-4.774,-3.400,-1.379,0.456
347,19.791,-6.272,-4.821,-3.433,-1.383,0.483
348,19.797,-6.234,-4.867,-3.467,-1.388,0.510
349,19.802,-6.197,-4.912,-3.501,-1.392,0.536
350,19.808,-6.159,-4.957,-3.536,-1.396,0.562
351,19.814,-6.121,-5.001,-3.571,-1.400,0.587
352,19.820,-6.083,-5.045,-3.606,-1.404,0.612
353,19.826,-6.046,-5.088,-3.642,-1.408,0.637
354,19.832,-6.008,-5.131,-3.678,-1.412,0.661
355,19.838,-5.971,-5.173,-3.715,-1.416,0.685
356,19.844,-5.933,-5.215,-3.751,-1.420,0.709
357,19.851,-5.896,-5.257,-3.788,-1.424,0.732
358,19.857,-5.858,-5.297,-3.826,-1.428,0.754
359,19.864,-5.821,-5.338,-3.863,-1.432,0.777
360,19.870,-5.784,-5.377,-3.901,-1.436,0.798
361,19.877,-5.747,-5.416,-3.939,-1.440,0.820
362,19.883,-5.710,-5.455,-3.977,-1.444,0.841
363,19.890,-5.674,-5.493,-4.015,-1.447,0.861
364,19.896,-5.637,-5.531,-4.053,-1.451,0.882
365,19.902,-5.601,-5.568,-4.092,-1.455,0.901
366,19.909,-5.565,-5.605,-4.130,-1.459,0.921
367,19.915,-5.529,-5.641,-4.169,-1.463,0.940
368,19.921,-5.494,-5.677,-4.207,-1.467,0.958
369,19.928,-5.458,-5.712,-4.246,-1.470,0.976
370,19.934,-5.423,-5.747,-4.285,-1.474,0.994
371,19.940,-5.389,-5.781,-4.323,-1.478,1.012
372,19.946,-5.354,-5.815,-4.362,-1.482,1.028
373,19.951,-5.320,-5.848,-4.400,-1.486,1.045
374,19.957,-5.286,-5.881,-4.438,-1.489,1.061
375,19.962,-5.253,-5.913,-4.476,-1.493,1.077
376,19.968,-5.220,-5.944,-4.514,-1.497,1.092
377,19.973,-5.187,-5.976,-4.552,-1.501,1.107
378,19.978,-5.155,-6.006,-4.589,-1.504,1.122
379,19.983,-5.123,-6.037,-4.627,-1.508,1.136
380,19.987,-5.091,-6.067,-4.664,-1.512,1.150
381,19.992,-5.060,-6.096,-4.701,-1.516,1.163
382,19.996,-5.029,-6.125,-4.737,-1.520,1.176
383,20.000,-4.998,-6.153,-4.773,-1.523,1.189
384,20.004,-4.969,-6.181,-4.809,-1.527,1.201
385,20.007,-4.939,-6.208,-4.844,-1.531,1.213
386,20.011,-4.910,-6.235,-4.879,-1.535,1.225
387,20.014,-4.881,-6.262,-4.914,-1.539,1.236
388,20.017,-4.853,-6.288,-4.948,-1.542,1.246
389,20.019,-4.826,-6.313,-4.982,-1.546,1.257
390,20.021,-4.798,-6.338,-5.015,-1.550,1.267
391,20.023,-4.772,-6.363,-5.047,-1.554,1.277
392,20.025,-4.746,-6.387,-5.080,-1.558,1.286
393,20.027,-4.720,-6.411,-5.111,-1.562,1.295
394,20.028,-4.695,-6.434,-5.142,-1.566,1.304
395,20.028,-4.670,-6.457,-5.172,-1.570,1.312
396,20.029,-4.646,-6.480,-5.202,-1.574,1.320
397,20.029,-4.623,-6.502,-5.231,-1.578,1.328
398,20.029,-4.600,-6.523,-5.260,-1.582,1.336
399,20.028,-4.577,-6.544,-5.288,-1.586,1.343
400,20.027,-4.556,-6.565,-5.315,-1.590,1.349
401,20.026,-4.534,-6.585,-5.341,-1.594,1.356
402,20.025,-4.514,-6.605,-5.367,-1.598,1.362
403,20.023,-4.494,-6.624,-5.391,-1.602,1.368
404,20.020,-4.474,-6.643,-5.416,-1.607,1.374
405,20.018,-4.455,-6.662,-5.439,-1.611,1.379
406,20.014,-4.437,-6.680,-5.461,-1.615,1.384
407,20.011,-4.419,-6.698,-5.483,-1.619,1.389
408,20.007,-4.402,-6.715,-5.504,-1.624,1.393
409,20.003,-4.385,-6.732,-5.524,-1.628,1.397
410,19.998,-4.370,-6.749,-5.543,-1.632,1.401
411,19.993,-4.354,-6.765,-5.561,-1.637,1.405
412,19.988,-4.340,-6.781,-5.578,-1.641,1.409
413,19.982,-4.325,-6.796,-5.594,-1.646,1.412
414,19.975,-4.312,-6.811,-5.610,-1.650,1.415
415,19.969,-4.299,-6.826,-5.624,-1.655,1.418
416,19.962,-4.287,-6.840,-5.637,-1.659,1.420
417,19.954,-4.275,-6.854,-5.650,-1.664,1.423
418,19.946,-4.264,-6.868,-5.661,-1.669,1.425
419,19.937,-4.254,-6.881,-5.672,-1.673,1.427
420,19.929,-4.244,-6.894,-5.681,-1.678,1.429
421,19.919,-4.235,-6.906,-5.690,-1.683,1.430
422,19.909,-4.227,-6.918,-5.697,-1.688,1.432
423,19.899,-4.219,-6.930,-5.703,-1.692,1.433
424,19.888,-4.212,-6.941,-5.709,-1.697,1.434
425,19.877,-4.205,-6.952,-5.713,-1.702,1.435
426,19.866,-4.199,-6.963,-5.716,-1.707,1.436
427,19.854,-4.194,-6.973,-5.718,-1.712,1.437
428,19.841,-4.189,-6.984,-5.719,-1.718,1.437
429,19.828,-4.185,-6.993,-5.719,-1.723,1.437
430,19.815,-4.181,-7.003,-5.718,-1.728,1.438
431,19.801,-4.178,-7.012,-5.716,-1.733,1.438
432,19.786,-4.176,-7.021,-5.712,-1.739,1.438
433,19.772,-4.174,-7.029,-5.708,-1.744,1.438
434,19.756,-4.173,-7.037,-5.702,-1.749,1.438
435,19.741,-4.172,-7.045,-5.695,-1.755,1.437
436,19.724,-4.172,-7.053,-5.688,-1.760,1.437
437,19.708,-4.173,-7.060,-5.679,-1.766,1.437
438,19.691,-4.174,-7.067,-5.669,-1.772,1.436
439,19.673,-4.176,-7.074,-5.658,-1.777,1.436
440,19.655,-4.178,-7.081,-5.645,-1.783,1.435
441,19.636,-4.181,-7.087,-5.632,-1.789,1.434
442,19.617,-4.184,-7.093,-5.617,-1.795,1.434
443,19.598,-4.188,-7.098,-5.602,-1.801,1.433
444,19.578,-4.192,-7.104,-5.585,-1.807,1.432
445,19.558,-4.197,-7.109,-5.567,-1.813,1.432
446,19.537,-4.203,-7.114,-5.548,-1.819,1.431
447,19.516,-4.209,-7.118,-5.528,-1.825,1.430
448,19.494,-4.215,-7.123,-5.507,-1.831,1.429
449,19.472,-4.222,-7.127,-5.485,-1.838,1.429
450,19.449,-4.230,-7.131,-5.462,-1.844,1.428
451,19.426,-4.238,-7.135,-5.438,-1.850,1.427
452,19.403,-4.246,-7.138,-5.412,-1.857,1.427
453,19.379,-4.255,-7.141,-5.386,-1.863,1.426
454,19.354,-4.264,-7.144,-5.358,-1.870,1.426
455,19.330,-4.274,-7.147,-5.330,-1.877,1.425
456,19.304,-4.284,-7.150,-5.300,-1.883,1.425
457,19.279,-4.295,-7.152,-5.270,-1.890,1.424
458,19.253,-4.306,-7.154,-5.238,-1.897,1.424
459,19.226,-4.317,-7.156,-5.206,-1.904,1.424
460,19.200,-4.329,-7.158,-5.172,-1.911,1.424
461,19.172,-4.341,-7.160,-5.138,-1.918,1.424
462,19.145,-4.354,-7.161,-5.103,-1.925,1.424
463,19.117,-4.367,-7.163,-5.066,-1.933,1.424
464,19.088,-4.380,-7.164,-5.029,-1.940,1.424
465,19.059,-4.394,-7.165,-4.991,-1.947,1.425
466,19.030,-4.408,-7.165,-4.952,-1.955,1.425
467,19.000,-4.422,-7.166,-4.912,-1.962,1.426
468,18.970,-4.436,-7.166,-4.871,-1.970,1.427
469,18.940,-4.451,-7.167,-4.830,-1.977,1.428
470,18.909,-4.466,-7.167,-4.787,-1.985,1.429
471,18.878,-4.481,-7.167,-4.744,-1.993,1.430
472,18.847,-4.497,-7.166,-4.700,-2.000,1.432
473,18.815,-4.513,-7.166,-4.655,-2.008,1.433
474,18.783,-4.529,-7.166,-4.609,-2.016,1.435
475,18.751,-4.545,-7.165,-4.563,-2.024,1.437
476,18.718,-4.561,-7.164,-4.516,-2.032,1.439
477,18.685,-4.578,-7.164,-4.468,-2.041,1.441
478,18.652,-4.595,-7.163,-4.420,-2.049,1.444
479,18.619,-4.611,-7.162,-4.371,-2.057,1.447
480,18.585,-4.628,-7.160,-4.321,-2.066,1.450
481,18.551,-4.645,-7.159,-4.271,-2.074,1.453
482,18.516,-4.663,-7.158,-4.220,-2.083,1.456
483,18.481,-4.680,-7.156,-4.169,-2.091,1.460
484,18.447,-4.697,-7.155,-4.117,-2.100,1.464
485,18.411,-4.715,-7.153,-4.064,-2.108,1.468
486,18.376,-4.732,-7.151,-4.011,-2.117,1.472
487,18.340,-4.750,-7.150,-3.958,-2.126,1.476
488,18.305,-4.767,-7.148,-3.904,-2.135,1.481
489,18.269,-4.785,-7.146,-3.850,-2.144,1.486
490,18.232,-4.802,-7.144,-3.795,-2.153,1.492
491,18.196,-4.819,-7.142,-3.740,-2.162,1.497
492,18.159,-4.837,-7.139,-3.684,-2.171,1.503
493,18.123,-4.854,-7.137,-3.629,-2.181,1.509
494,18.086,-4.871,-7.135,-3.572,-2.190,1.515
495,18.049,-4.888,-7.132,-3.516,-2.199,1.522
496,18.011,-4.906,-7.130,-3.459,-2.209,1.529
497,17.974,-4.922,-7.128,-3.402,-2.219,1.536
498,17.936,-4.939,-7.125,-3.345,-2.228,1.543
499,17.899,-4.956,-7.123,-3.288,-2.238,1.551
500,17.861,-4.972,-7.120,-3.230,-2.248,1.559
501,17.823,-4.988,-7.117,-3.173,-2.257,1.567
502,17.786,-5.004,-7.115,-3.115,-2.267,1.576
503,17.748,-5.020,-7.112,-3.057,-2.277,1.585
504,17.710,-5.036,-7.109,-2.999,-2.287,1.594
505,17.672,-5.051,-7.107,-2.941,-2.297,1.603
506,17.634,-5.066,-7.104,-2.883,-2.307,1.613
507,17.596,-5.081,-7.101,-2.826,-2.318,1.623
508,17.558,-5.095,-7.099,-2.768,-2.328,1.633
509,17.520,-5.110,-7.096,-2.710,-2.338,1.644
510,17.482,-5.123,-7.093,-2.652,-2.348,1.655
511,17.444,-5.137,-7.090,-2.594,-2.359,1.666
512,17.406,-5.150,-7.088,-2.537,-2.369,1.678
513,17.368,-5.163,-7.085,-2.479,-2.380,1.690
514,17.330,-5.175,-7.082,-2.422,-2.391,1.702
515,17.292,-5.187,-7.079,-2.365,-2.401,1.714
516,17.254,-5.199,-7.077,-2.308,-2.412,1.727
517,17.217,-5.210,-7.074,-2.252,-2.423,1.740
518,17.179,-5.220,-7.071,-2.196,-2.434,1.754
519,17.142,-5.231,-7.069,-2.140,-2.444,1.767
520,17.105,-5.240,-7.066,-2.084,-2.455,1.781
521,17.068,-5.250,-7.063,-2.029,-2.466,1.796
522,17.031,-5.258,-7.061,-1.974,-2.477,1.810
523,16.994,-5.267,-7.058,-1.919,-2.489,1.825
524,16.958,-5.274,-7.056,-1.865,-2.500,1.841
525,16.921,-5.281,-7.053,-1.811,-2.511,1.856
526,16.885,-5.288,-7.051,-1.758,-2.522,1.872
527,16.849,-5.294,-7.048,-1.705,-2.534,1.888
528,16.814,-5.299,-7.046,-1.653,-2.545,1.905
529,16.778,-5.304,-7.043,-1.601,-2.556,1.922
530,16.743,-5.308,-7.041,-1.550,-2.568,1.939
531,16.709,-5.312,-7.039,-1.499,-2.579,1.956
532,16.674,-5.315,-7.037,-1.448,-2.591,1.974
533,16.640,-5.317,-7.035,-1.399,-2.602,1.992
534,16.606,-5.318,-7.032,-1.350,-2.614,2.010
535,16.573,-5.319,-7.030,-1.301,-2.626,2.029
536,16.539,-5.320,-7.028,-1.253,-2.637,2.047
537,16.507,-5.319,-7.026,-1.206,-2.649,2.067
538,16.474,-5.318,-7.025,-1.160,-2.661,2.086
539,16.442,-5.316,-7.023,-1.114,-2.673,2.106
540,16.411,-5.313,-7.021,-1.069,-2.685,2.126
541,16.379,-5.310,-7.019,-1.024,-2.697,2.146
542,16.349,-5.306,-7.018,-0.980,-2.709,2.166
543,16.318,-5.301,-7.016,-0.937,-2.721,2.187
544,16.289,-5.295,-7.015,-0.895,-2.733,2.208
545,16.259,-5.289,-7.013,-0.854,-2.745,2.230
546,16.230,-5.281,-7.012,-0.813,-2.757,2.251
547,16.202,-5.273,-7.010,-0.773,-2.769,2.273
548,16.174,-5.264,-7.009,-0.734,-2.781,2.295
549,16.147,-5.255,-7.008,-0.695,-2.793,2.317
550,16.120,-5.244,-7.007,-0.658,-2.805,2.340
551,16.094,-5.233,-7.006,-0.621,-2.818,2.363
552,16.069,-5.220,-7.005,-0.585,-2.830,2.386
553,16.044,-5.207,-7.004,-0.550,-2.842,2.409
554,16.019,-5.193,-7.003,-0.516,-2.854,2.432
555,15.996,-5.178,-7.003,-0.482,-2.867,2.456
556,15.973,-5.163,-7.002,-0.450,-2.879,2.480
557,15.950,-5.146,-7.002,-0.418,-2.891,2.504
558,15.928,-5.128,-7.001,-0.387,-2.904,2.528
559,15.907,-5.110,-7.001,-0.357,-2.916,2.552
560,15.887,-5.091,-7.000,-0.328,-2.929,2.577
561,15.867,-5.070,-7.000,-0.300,-2.941,2.602
562,15.848,-5.049,-7.000,-0.273,-2.953,2.627
563,15.830,-5.027,-7.000,-0.246,-2.966,2.652
564,15.813,-5.004,-7.000,-0.221,-2.978,2.677
565,15.796,-4.980,-7.000,-0.196,-2.991,2.703
566,15.780,-4.955,-7.000,-0.172,-3.003,2.729
567,15.765,-4.929,-7.001,-0.149,-3.016,2.754
568,15.751,-4.902,-7.001,-0.127,-3.028,2.780
569,15.737,-4.875,-7.001,-0.106,-3.041,2.806
570,15.724,-4.846,-7.002,-0.086,-3.053,2.833
571,15.713,-4.816,-7.002,-0.066,-3.066,2.859
572,15.702,-4.786,-7.003,-0.048,-3.078,2.885
573,15.692,-4.754,-7.004,-0.030,-3.090,2.912
574,15.682,-4.722,-7.004,-0.013,-3.103,2.938
575,15.674,-4.688,-7.005,0.003,-3.115,2.965
576,15.667,-4.654,-7.006,0.018,-3.128,2.992
577,15.660,-4.618,-7.007,0.032,-3.140,3.019
578,15.655,-4.582,-7.008,0.046,-3.153,3.046
579,15.650,-4.544,-7.009,0.059,-3.165,3.073
580,15.647,-4.506,-7.011,0.070,-3.178,3.100
581,15.644,-4.467,-7.012,0.081,-3.190,3.127
582,15.643,-4.426,-7.013,0.092,-3.202,3.154
583,15.642,-4.385,-7.015,0.101,-3.215,3.181
584,15.643,-4.343,-7.016,0.110,-3.227,3.209
585,15.644,-4.300,-7.018,0.117,-3.239,3.236
586,15.647,-4.256,-7.020,0.124,-3.252,3.263
587,15.651,-4.211,-7.021,0.131,-3.264,3.290
588,15.655,-4.164,-7.023,0.136,-3.276,3.317
589,15.661,-4.117,-7.025,0.141,-3.288,3.345
590,15.668,-4.070,-7.027,0.145,-3.300,3.372
591,15.676,-4.021,-7.029,0.149,-3.313,3.399
592,15.685,-3.971,-7.031,0.152,-3.325,3.426
593,15.696,-3.920,-7.033,0.154,-3.337,3.453
594,15.707,-3.868,-7.035,0.155,-3.349,3.480
595,15.720,-3.816,-7.037,0.156,-3.361,3.507
596,15.733,-3.762,-7.039,0.156,-3.373,3.534
597,15.748,-3.708,-7.041,0.156,-3.385,3.561
598,15.765,-3.652,-7.044,0.155,-3.397,3.588
599,15.782,-3.596,-7.046,0.153,-3.408,3.614
600,15.801,-3.539,-7.049,0.151,-3.420,3.641
601,15.820,-3.481,-7.051,0.149,-3.432,3.667
602,15.842,-3.422,-7.053,0.145,-3.444,3.694
603,15.864,-3.362,-7.056,0.142,-3.455,3.720
604,15.888,-3.301,-7.058,0.138,-3.467,3.746
605,15.912,-3.239,-7.061,0.133,-3.479,3.772
606,15.939,-3.177,-7.064,0.128,-3.490,3.798
607,15.966,-3.114,-7.066,0.122,-3.502,3.823
608,15.995,-3.049,-7.069,0.117,-3.513,3.849
609,16.025,-2.984,-7.072,0.110,-3.524,3.874
610,16.056,-2.919,-7.074,0.104,-3.536,3.899
611,16.089,-2.852,-7.077,0.097,-3.547,3.924
612,16.123,-2.785,-7.080,0.089,-3.558,3.949
613,16.159,-2.716,-7.082,0.082,-3.569,3.973
614,16.196,-2.647,-7.085,0.074,-3.580,3.997
615,16.234,-2.578,-7.088,0.066,-3.591,4.021
616,16.274,-2.507,-7.091,0.058,-3.602,4.045
617,16.315,-2.436,-7.093,0.049,-3.613,4.069
618,16.357,-2.364,-7.096,0.040,-3.623,4.092
619,16.401,-2.291,-7.099,0.031,-3.634,4.115
620,16.446,-2.218,-7.102,0.022,-3.645,4.138
621,16.493,-2.143,-7.104,0.013,-3.655,4.161
622,16.541,-2.069,-7.107,0.004,-3.665,4.183
623,16.591,-1.993,-7.110,-0.006,-3.676,4.205
624,16.642,-1.917,-7.113,-0.015,-3.686,4.226
625,16.694,-1.840,-7.115,-0.024,-3.696,4.248
626,16.748,-1.763,-7.118,-0.034,-3.706,4.269
627,16.803,-1.685,-7.120,-0.043,-3.716,4.290
628,16.860,-1.606,-7.123,-0.053,-3.726,4.310
629,16.919,-1.527,-7.126,-0.062,-3.736,4.330
630,16.979,-1.447,-7.128,-0.071,-3.746,4.350
631,17.040,-1.366,-7.130,-0.080,-3.755,4.369
632,17.103,-1.285,-7.133,-0.089,-3.765,4.388
633,17.168,-1.204,-7.135,-0.098,-3.774,4.407
634,17.234,-1.122,-7.137,-0.107,-3.784,4.425
635,17.301,-1.039,-7.140,-0.115,-3.793,4.443
636,17.370,-0.956,-7.142,-0.124,-3.802,4.461
637,17.441,-0.873,-7.144,-0.132,-3.811,4.478
638,17.513,-0.789,-7.146,-0.139,-3.820,4.495
639,17.587,-0.704,-7.148,-0.147,-3.829,4.511
640,17.662,-0.619,-7.150,-0.154,-3.837,4.527
641,17.739,-0.534,-7.152,-0.161,-3.846,4.543
642,17.817,-0.449,-7.153,-0.167,-3.855,4.558
643,17.897,-0.363,-7.155,-0.173,-3.863,4.572
644,17.979,-0.276,-7.157,-0.179,-3.871,4.587
645,18.062,-0.189,-7.158,-0.185,-3.879,4.601
646,18.146,-0.102,-7.159,-0.189,-3.887,4.614
647,18.233,-0.015,-7.161,-0.194,-3.895,4.627
648,18.321,0.073,-7.162,-0.198,-3.903,4.639
649,18.410,0.161,-7.163,-0.201,-3.911,4.651
650,18.501,0.249,-7.164,-0.204,-3.918,4.663
651,18.594,0.337,-7.165,-0.207,-3.926,4.674
652,18.688,0.426,-7.165,-0.209,-3.933,4.685
653,18.784,0.515,-7.166,-0.210,-3.940,4.695
654,18.882,0.604,-7.166,-0.211,-3.947,4.704
655,18.981,0.693,-7.166,-0.211,-3.954,4.714
656,19.081,0.782,-7.167,-0.211,-3.961,4.722
657,19.184,0.872,-7.167,-0.210,-3.967,4.730
658,19.288,0.961,-7.167,-0.208,-3.974,4.738
659,19.393,1.051,-7.166,-0.206,-3.980,4.745
660,19.500,1.141,-7.166,-0.203,-3.987,4.752
661,19.609,1.231,-7.165,-0.199,-3.993,4.758
662,19.719,1.320,-7.164,-0.194,-3.999,4.764
663,19.831,1.410,-7.163,-0.189,-4.004,4.769
664,19.945,1.500,-7.162,-0.183,-4.010,4.773
665,20.060,1.590,-7.161,-0.177,-4.016,4.777
666,20.177,1.680,-7.160,-0.169,-4.021,4.781
667,20.295,1.770,-7.158,-0.161,-4.026,4.784
668,20.415,1.860,-7.156,-0.152,-4.031,4.786
669,20.537,1.949,-7.154,-0.143,-4.036,4.788
670,20.660,2.039,-7.152,-0.132,-4.041,4.789
671,20.785,2.128,-7.149,-0.121,-4.046,4.790
672,20.912,2.217,-7.147,-0.109,-4.050,4.790
673,21.040,2.306,-7.144,-0.096,-4.054,4.790
674,21.170,2.395,-7.141,-0.082,-4.059,4.789
675,21.301,2.484,-7.138,-0.067,-4.063,4.788
676,21.434,2.573,-7.134,-0.052,-4.067,4.786
677,21.568,2.661,-7.130,-0.036,-4.070,4.783
678,21.704,2.749,-7.126,-0.019,-4.074,4.780
679,21.842,2.837,-7.122,-0.001,-4.077,4.776
680,21.981,2.924,-7.118,0.018,-4.080,4.772
681,22.122,3.011,-7.113,0.038,-4.083,4.767
682,22.264,3.098,-7.108,0.059,-4.086,4.762
683,22.408,3.185,-7.103,0.080,-4.089,4.756
684,22.554,3.271,-7.098,0.103,-4.092,4.750
685,22.701,3.356,-7.092,0.126,-4.094,4.743
686,22.850,3.442,-7.086,0.150,-4.096,4.735
687,23.000,3.527,-7.080,0.175,-4.098,4.727
688,23.151,3.611,-7.073,0.201,-4.100,4.718
689,23.305,3.695,-7.066,0.228,-4.102,4.709
690,23.459,3.779,-7.059,0.256,-4.104,4.699
691,23.616,3.862,-7.052,0.284,-4.105,4.688
692,23.774,3.945,-7.044,0.314,-4.106,4.677
693,23.933,4.027,-7.036,0.344,-4.107,4.666
694,24.094,4.108,-7.028,0.375,-4.108,4.654
695,24.256,4.189,-7.019,0.407,-4.109,4.641
696,24.420,4.270,-7.011,0.440,-4.109,4.628
697,24.585,4.349,-7.001,0.474,-4.110,4.614
698,24.752,4.429,-6.992,0.509,-4.110,4.599
699,24.920,4.507,-6.982,0.544,-4.110,4.584
700,25.090,4.585,-6.972,0.580,-4.110,4.569
701,25.261,4.663,-6.962,0.618,-4.109,4.553
702,25.434,4.740,-6.951,0.656,-4.109,4.536
703,25.608,4.816,-6.940,0.694,-4.108,4.519
704,25.783,4.891,-6.928,0.734,-4.107,4.501
705,25.960,4.966,-6.916,0.774,-4.106,4.483
706,26.138,5.040,-6.904,0.815,-4.105,4.464
707,26.318,5.113,-6.892,0.857,-4.103,4.445
708,26.499,5.185,-6.879,0.900,-4.101,4.425
709,26.681,5.257,-6.866,0.943,-4.100,4.405
710,26.865,5.328,-6.852,0.987,-4.098,4.384
711,27.050,5.398,-6.838,1.032,-4.095,4.363
712,27.237,5.467,-6.824,1.078,-4.093,4.341
713,27.425,5.536,-6.809,1.124,-4.090,4.318
714,27.614,5.604,-6.794,1.171,-4.088,4.295
715,27.804,5.671,-6.779,1.218,-4.085,4.272
716,27.996,5.737,-6.763,1.266,-4.082,4.248
717,28.189,5.802,-6.746,1.315,-4.078,4.224
718,28.383,5.866,-6.730,1.365,-4.075,4.199
719,28.578,5.930,-6.713,1.415,-4.071,4.173
720,28.775,5.992,-6.695,1.465,-4.067,4.147
721,28.973,6.054,-6.678,1.516,-4.063,4.121
722,29.172,6.114,-6.659,1.568,-4.059,4.094
723,29.373,6.174,-6.641,1.620,-4.054,4.067
724,29.574,6.233,-6.622,1.673,-4.050,4.039
725,29.777,6.291,-6.602,1.726,-4.045,4.011
726,29.981,6.348,-6.582,1.780,-4.040,3.982
727,30.186,6.404,-6.562,1.834,-4.034,3.953
728,30.392,6.459,-6.541,1.888,-4.029,3.923
729,30.600,6.513,-6.520,1.943,-4.023,3.893
730,30.808,6.566,-6.498,1.998,-4.018,3.863
731,31.018,6.618,-6.476,2.054,-4.012,3.832
732,31.228,6.669,-6.454,2.110,-4.005,3.801
733,31.440,6.720,-6.431,2.166,-3.999,3.769
734,31.653,6.769,-6.408,2.223,-3.992,3.737
735,31.866,6.817,-6.384,2.280,-3.986,3.705
736,32.081,6.864,-6.360,2.337,-3.979,3.672
737,32.297,6.910,-6.335,2.394,-3.972,3.639
738,32.514,6.955,-6.310,2.451,-3.964,3.605
739,32.731,6.998,-6.284,2.509,-3.957,3.571
740,32.950,7.041,-6.258,2.567,-3.949,3.537
741,33.169,7.083,-6.231,2.625,-3.941,3.502
742,33.390,7.124,-6.204,2.683,-3.933,3.467
743,33.611,7.164,-6.177,2.741,-3.925,3.432
744,33.834,7.202,-6.149,2.799,-3.916,3.396
745,34.057,7.240,-6.121,2.857,-3.908,3.360
746,34.281,7.276,-6.092,2.915,-3.899,3.324
747,34.506,7.311,-6.062,2.974,-3.890,3.287
748,34.731,7.346,-6.033,3.032,-3.880,3.250
749,34.958,7.379,-6.002,3.090,-3.871,3.213
750,35.185,7.411,-5.971,3.148,-3.861,3.176
751,35.413,7.442,-5.940,3.206,-3.851,3.138
752,35.641,7.472,-5.908,3.263,-3.841,3.100
753,35.871,7.501,-5.876,3.321,-3.831,3.062
754,36.101,7.529,-5.843,3.378,-3.821,3.023
755,36.332,7.556,-5.810,3.435,-3.810,2.984
756,36.563,7.581,-5.776,3.492,-3.800,2.945
757,36.795,7.606,-5.742,3.549,-3.789,2.906
758,37.028,7.629,-5.707,3.605,-3.778,2.867
759,37.261,7.651,-5.672,3.661,-3.766,2.827
760,37.495,7.673,-5.636,3.717,-3.755,2.787
761,37.729,7.693,-5.600,3.772,-3.743,2.747
762,37.964,7.712,-5.563,3.827,-3.731,2.707
763,38.200,7.730,-5.526,3.881,-3.719,2.667
764,38.436,7.747,-5.488,3.936,-3.707,2.626
765,38.672,7.763,-5.450,3.989,-3.695,2.585
766,38.909,7.778,-5.411,4.042,-3.682,2.544
767,39.147,7.792,-5.372,4.095,-3.669,2.503
768,39.384,7.804,-5.332,4.147,-3.656,2.462
769,39.623,7.816,-5.292,4.199,-3.643,2.421
770,39.861,7.827,-5.251,4.250,-3.630,2.380
771,40.100,7.836,-5.209,4.300,-3.616,2.338
772,40.339,7.845,-5.168,4.350,-3.603,2.297
773,40.579,7.852,-5.125,4.399,-3.589,2.255
774,40.819,7.859,-5.082,4.447,-3.575,2.213
775,41.059,7.864,-5.039,4.495,-3.561,2.172
776,41.300,7.868,-4.995,4.542,-3.547,2.130
777,41.540,7.872,-4.951,4.589,-3.532,2.088
778,41.781,7.874,-4.906,4.634,-3.517,2.046
779,42.022,7.876,-4.860,4.679,-3.502,2.004
780,42.264,7.876,-4.814,4.723,-3.487,1.962
781,42.505,7.875,-4.768,4.767,-3.472,1.920
782,42.746,7.874,-4.721,4.809,-3.457,1.878
783,42.988,7.871,-4.673,4.851,-3.441,1.836
784,43.230,7.868,-4.625,4.892,-3.426,1.794
785,43.471,7.863,-4.577,4.932,-3.410,1.752
786,43.713,7.858,-4.528,4.971,-3.394,1.710
787,43.955,7.852,-4.478,5.009,-3.378,1.668
788,44.197,7.845,-4.428,5.046,-3.361,1.626
789,44.439,7.836,-4.377,5.083,-3.345,1.584
790,44.680,7.827,-4.326,5.118,-3.328,1.543
791,44.922,7.818,-4.274,5.153,-3.312,1.501
792,45.163,7.807,-4.222,5.186,-3.295,1.459
793,45.405,7.795,-4.170,5.219,-3.278,1.418
794,45.646,7.783,-4.117,5.250,-3.260,1.376
795,45.887,7.769,-4.063,5.281,-3.243,1.335
796,46.128,7.755,-4.009,5.311,-3.225,1.294
797,46.369,7.740,-3.954,5.339,-3.208,1.253
798,46.609,7.724,-3.899,5.367,-3.190,1.212
799,46.850,7.708,-3.843,5.393,-3.172,1.171
800,47.089,7.690,-3.787,5.418,-3.154,1.130
801,47.329,7.672,-3.730,5.443,-3.135,1.090
802,47.568,7.653,-3.673,5.466,-3.117,1.050
803,47.807,7.634,-3.615,5.488,-3.098,1.009
804,48.046,7.613,-3.557,5.509,-3.080,0.969
805,48.284,7.592,-3.498,5.529,-3.061,0.929
806,48.522,7.570,-3.439,5.548,-3.042,0.890
807,48.759,7.548,-3.380,5.566,-3.023,0.850
808,48.996,7.524,-3.319,5.583,-3.004,0.811
809,49.233,7.501,-3.259,5.599,-2.984,0.772
810,49.468,7.476,-3.198,5.613,-2.965,0.733
811,49.704,7.451,-3.136,5.627,-2.945,0.695
812,49.939,7.425,-3.074,5.639,-2.925,0.656
813,50.173,7.399,-3.011,5.650,-2.906,0.618
814,50.406,7.372,-2.948,5.660,-2.886,0.580
815,50.639,7.344,-2.885,5.669,-2.865,0.543
816,50.872,7.316,-2.821,5.677,-2.845,0.505
817,51.104,7.288,-2.756,5.684,-2.825,0.468
818,51.335,7.258,-2.691,5.689,-2.804,0.431
819,51.565,7.229,-2.626,5.694,-2.784,0.395
820,51.794,7.199,-2.560,5.697,-2.763,0.358
821,52.023,7.168,-2.494,5.700,-2.742,0.322
822,52.251,7.137,-2.427,5.701,-2.721,0.287
823,52.478,7.105,-2.360,5.701,-2.700,0.251
824,52.705,7.073,-2.292,5.700,-2.679,0.216
825,52.930,7.041,-2.224,5.698,-2.658,0.181
826,53.155,7.008,-2.156,5.695,-2.637,0.147
827,53.379,6.975,-2.087,5.691,-2.615,0.113
828,53.602,6.941,-2.017,5.686,-2.594,0.079
829,53.824,6.907,-1.947,5.679,-2.572,0.046
830,54.045,6.873,-1.877,5.672,-2.551,0.012
831,54.265,6.838,-1.807,5.664,-2.529,-0.020
832,54.484,6.803,-1.735,5.654,-2.507,-0.053
833,54.702,6.768,-1.664,5.644,-2.485,-0.085
834,54.919,6.732,-1.592,5.633,-2.463,-0.117
835,55.135,6.697,-1.520,5.620,-2.441,-0.148
836,55.350,6.661,-1.447,5.607,-2.418,-0.179
837,55.563,6.624,-1.374,5.593,-2.396,-0.210
838,55.776,6.588,-1.300,5.577,-2.374,-0.240
839,55.987,6.551,-1.226,5.561,-2.351,-0.270
840,56.198,6.514,-1.152,5.544,-2.329,-0.300
841,56.407,6.477,-1.077,5.526,-2.306,-0.329
842,56.615,6.440,-1.002,5.507,-2.283,-0.358
843,56.821,6.403,-0.927,5.487,-2.260,-0.386
844,57.027,6.366,-0.851,5.467,-2.238,-0.414
845,57.231,6.328,-0.775,5.445,-2.215,-0.442
846,57.433,6.291,-0.698,5.423,-2.192,-0.469
847,57.635,6.253,-0.621,5.400,-2.169,-0.496
848,57.835,6.215,-0.544,5.376,-2.146,-0.523
849,58.034,6.178,-0.467,5.351,-2.123,-0.549
850,58.231,6.140,-0.389,5.326,-2.099,-0.574
851,58.427,6.102,-0.311,5.300,-2.076,-0.600
852,58.622,6.065,-0.232,5.273,-2.053,-0.625
853,58.815,6.027,-0.153,5.245,-2.029,-0.649
854,59.007,5.989,-0.074,5.217,-2.006,-0.673
855,59.197,5.952,0.006,5.188,-1.983,-0.697
856,59.386,5.914,0.085,5.158,-1.959,-0.720
857,59.573,5.877,0.166,5.128,-1.936,-0.743
858,59.759,5.840,0.246,5.097,-1.912,-0.765
859,59.943,5.803,0.327,5.066,-1.888,-0.787
860,60.125,5.766,0.408,5.034,-1.865,-0.809
861,60.306,5.729,0.489,5.002,-1.841,-0.830
862,60.486,5.692,0.571,4.969,-1.817,-0.851
863,60.663,5.655,0.652,4.935,-1.794,-0.872
864,60.840,5.619,0.735,4.901,-1.770,-0.892
865,61.014,5.583,0.817,4.867,-1.746,-0.911
866,61.187,5.547,0.900,4.832,-1.722,-0.930
867,61.358,5.511,0.982,4.797,-1.699,-0.949
868,61.527,5.476,1.065,4.762,-1.675,-0.967
869,61.695,5.441,1.149,4.726,-1.651,-0.985
870,61.861,5.406,1.232,4.690,-1.627,-1.003
871,62.025,5.371,1.316,4.653,-1.603,-1.020
872,62.187,5.337,1.400,4.616,-1.579,-1.037
873,62.348,5.303,1.484,4.579,-1.555,-1.053
874,62.507,5.270,1.569,4.542,-1.531,-1.069
875,62.664,5.236,1.653,4.505,-1.508,-1.085
876,62.819,5.203,1.738,4.467,-1.484,-1.100
877,62.972,5.171,1.823,4.429,-1.460,-1.115
878,63.123,5.138,1.908,4.391,-1.436,-1.129
879,63.273,5.107,1.993,4.353,-1.412,-1.143
880,63.420,5.075,2.079,4.315,-1.388,-1.156
881,63.566,5.044,2.164,4.277,-1.364,-1.170
882,63.710,5.014,2.250,4.239,-1.340,-1.183
883,63.851,4.983,2.336,4.201,-1.316,-1.195
884,63.991,4.954,2.422,4.162,-1.293,-1.207
885,64.129,4.924,2.508,4.124,-1.269,-1.219
886,64.265,4.896,2.595,4.086,-1.245,-1.230
887,64.399,4.867,2.681,4.048,-1.221,-1.241
888,64.530,4.839,2.767,4.010,-1.198,-1.252
889,64.660,4.812,2.854,3.972,-1.174,-1.262
890,64.788,4.785,2.941,3.935,-1.150,-1.272
891,64.914,4.759,3.028,3.897,-1.127,-1.282
892,65.037,4.733,3.114,3.860,-1.103,-1.291
893,65.159,4.707,3.201,3.823,-1.079,-1.300
894,65.278,4.683,3.288,3.786,-1.056,-1.308
895,65.395,4.658,3.375,3.749,-1.032,-1.316
896,65.511,4.634,3.463,3.713,-1.009,-1.324
897,65.624,4.611,3.550,3.677,-0.985,-1.332
898,65.735,4.589,3.637,3.641,-0.962,-1.339
899,65.843,4.566,3.724,3.606,-0.939,-1.346
900,65.950,4.545,3.811,3.571,-0.915,-1.353
901,66.054,4.524,3.899,3.536,-0.892,-1.359
902,66.157,4.504,3.986,3.502,-0.869,-1.365
903,66.257,4.484,4.073,3.468,-0.846,-1.371
904,66.355,4.465,4.160,3.435,-0.823,-1.376
905,66.450,4.446,4.248,3.402,-0.800,-1.381
906,66.544,4.428,4.335,3.369,-0.777,-1.386
907,66.635,4.410,4.422,3.337,-0.754,-1.391
908,66.724,4.394,4.509,3.306,-0.731,-1.395
909,66.811,4.377,4.596,3.275,-0.709,-1.400
910,66.895,4.362,4.683,3.245,-0.686,-1.403
911,66.977,4.347,4.770,3.215,-0.663,-1.407
912,67.057,4.332,4.857,3.185,-0.641,-1.410
913,67.135,4.319,4.944,3.157,-0.618,-1.414
914,67.210,4.306,5.031,3.129,-0.596,-1.416
915,67.283,4.293,5.117,3.101,-0.574,-1.419
916,67.354,4.281,5.204,3.074,-0.552,-1.422
917,67.422,4.270,5.290,3.048,-0.529,-1.424
918,67.489,4.259,5.377,3.023,-0.507,-1.426
919,67.552,4.249,5.463,2.998,-0.486,-1.428
920,67.614,4.240,5.549,2.974,-0.464,-1.430
921,67.673,4.231,5.635,2.950,-0.442,-1.431
922,67.730,4.223,5.720,2.927,-0.420,-1.432
923,67.784,4.215,5.806,2.905,-0.399,-1.434
924,67.836,4.208,5.892,2.884,-0.377,-1.435
925,67.886,4.202,5.977,2.863,-0.356,-1.436
926,67.934,4.196,6.062,2.843,-0.335,-1.436
927,67.979,4.191,6.147,2.824,-0.313,-1.437
928,68.022,4.187,6.232,2.806,-0.292,-1.437
929,68.062,4.183,6.316,2.788,-0.271,-1.438
930,68.100,4.179,6.400,2.771,-0.251,-1.438
931,68.135,4.177,6.485,2.755,-0.230,-1.438
932,68.169,4.175,6.568,2.739,-0.209,-1.438
933,68.200,4.173,6.652,2.725,-0.189,-1.438
934,68.228,4.172,6.735,2.711,-0.168,-1.438
935,68.254,4.172,6.819,2.698,-0.148,-1.437
936,68.278,4.172,6.902,2.686,-0.128,-1.437
937,68.299,4.173,6.984,2.674,-0.108,-1.436
938,68.318,4.175,7.067,2.663,-0.088,-1.436
939,68.335,4.177,7.149,2.654,-0.068,-1.435
940,68.349,4.179,7.230,2.644,-0.048,-1.435
941,68.361,4.182,7.312,2.636,-0.029,-1.434
942,68.370,4.186,7.393,2.628,-0.009,-1.433
943,68.377,4.190,7.474,2.622,0.010,-1.433
944,68.382,4.195,7.555,2.616,0.029,-1.432
945,68.384,4.200,7.635,2.610,0.048,-1.431
946,68.384,4.206,7.715,2.606,0.067,-1.431
947,68.381,4.212,7.794,2.602,0.086,-1.430
948,68.376,4.219,7.874,2.599,0.104,-1.429
949,68.369,4.226,7.952,2.597,0.123,-1.428
950,68.359,4.234,8.031,2.596,0.141,-1.428
951,68.347,4.242,8.109,2.595,0.159,-1.427
952,68.333,4.251,8.187,2.595,0.177,-1.426
953,68.316,4.260,8.264,2.596,0.195,-1.426
954,68.297,4.269,8.341,2.597,0.213,-1.425
955,68.276,4.279,8.418,2.599,0.231,-1.425
956,68.252,4.290,8.494,2.602,0.248,-1.424
957,68.225,4.300,8.570,2.606,0.265,-1.424
958,68.197,4.312,8.645,2.610,0.282,-1.424
959,68.166,4.323,8.720,2.615,0.299,-1.424
960,68.133,4.335,8.794,2.621,0.316,-1.424
961,68.097,4.348,8.868,2.627,0.333,-1.424
962,68.059,4.360,8.942,2.634,0.350,-1.424
963,68.019,4.373,9.015,2.641,0.366,-1.424
964,67.976,4.387,9.088,2.650,0.382,-1.424
965,67.931,4.401,9.160,2.658,0.398,-1.425
966,67.884,4.415,9.232,2.668,0.414,-1.426
967,67.835,4.429,9.303,2.677,0.430,-1.426
968,67.783,4.444,9.373,2.688,0.446,-1.427
969,67.729,4.459,9.444,2.699,0.461,-1.428
970,67.672,4.474,9.513,2.710,0.476,-1.429
971,67.614,4.489,9.582,2.722,0.491,-1.431
972,67.553,4.505,9.651,2.735,0.506,-1.432
973,67.489,4.521,9.719,2.748,0.521,-1.434
974,67.424,4.537,9.787,2.761,0.536,-1.436
975,67.356,4.553,9.854,2.775,0.550,-1.438
976,67.286,4.570,9.920,2.789,0.564,-1.440
977,67.214,4.586,9.986,2.804,0.578,-1.443
978,67.140,4.603,10.052,2.819,0.592,-1.445
979,67.063,4.620,10.117,2.834,0.606,-1.448
980,66.984,4.637,10.181,2.850,0.619,-1.451
981,66.903,4.654,10.244,2.866,0.633,-1.454
982,66.820,4.671,10.307,2.882,0.646,-1.458
983,66.735,4.689,10.370,2.899,0.659,-1.462
984,66.648,4.706,10.432,2.915,0.672,-1.466
985,66.558,4.723,10.493,2.933,0.684,-1.470
986,66.466,4.741,10.554,2.950,0.697,-1.474
987,66.372,4.758,10.614,2.967,0.709,-1.479
988,66.276,4.776,10.673,2.985,0.721,-1.484
989,66.178,4.793,10.732,3.003,0.733,-1.489
990,66.078,4.811,10.790,3.021,0.745,-1.494
991,65.976,4.828,10.848,3.039,0.757,-1.500
992,65.872,4.845,10.904,3.057,0.768,-1.506
993,65.765,4.863,10.961,3.075,0.779,-1.512
994,65.657,4.880,11.016,3.093,0.790,-1.519
995,65.546,4.897,11.071,3.111,0.801,-1.525
996,65.434,4.914,11.125,3.129,0.812,-1.532
997,65.319,4.931,11.179,3.148,0.822,-1.540
998,65.203,4.947,11.231,3.166,0.832,-1.547
999,65.085,4.964,11.284,3.184,0.843,-1.555
1000,64.964,4.980,11.335,3.202,0.852,-1.563
